seriesid,seriesname
8393,Bangladesh tour of India, 2024
8395,New Zealand tour of India, 2024
8495,Bangladesh tour of Pakistan, 2024
8497,England tour of Pakistan, 2024
8504,West Indies tour of Pakistan, 2025
8625,Afghanistan v New Zealand in India, 2024
8786,India tour of England, 2025
8818,New Zealand tour of Sri Lanka, 2024
8881,ICC World Test Championship Final 2025
2063,Australia in South Africa 2011
2064,Sri Lanka in South Africa 2011-12
2065,Australia in Sri Lanka 2011
2068,New Zealand in Australia 2011
2069,India in Australia Test series 2011-12
2078,Zimbabwe in New Zealand 2012
2079,South Africa in New Zealand 2012
2083,England in Sri Lanka 2012
2085,Bangladesh in Zimbabwe 2011
9033,South Africa tour of Bangladesh, 2024
2088,Pakistan in Zimbabwe 2011
2092,New Zealand in Zimbabwe 2011
2093,Sri Lanka in Pakistan 2011
9107,The Ashes, 2025-26
9171,Afghanistan tour of Zimbabwe, 2024-25
9181,Australia tour of Sri Lanka, 2025
2102,England in Pakistan 2012
2103,West Indies in Bangladesh 2011
2105,West Indies in India 2011
2106,Pakistan in Bangladesh 2011
2110,Australia in West Indies 2012
2111,West Indies in England 2012
2113,South Africa in England 2012
9331,Ireland tour of Zimbabwe, 2025
2122,New Zealand tour of USA and West Indies, 2012
2124,Pakistan tour of Sri Lanka, 2012
2126,New Zealand tour of India, 2012
2127,England tour of India 2012-13
2139,New Zealand tour of South Africa 2012-13
2140,Pakistan tour of South Africa 2013
2141,New Zealand tour of England 2013
2193,The Ashes 2013
9408,Australia tour of West Indies, 2025
2144,England tour of New Zealand 2013
2145,South Africa in Australia 2012
2146,Sri Lanka in Australia 2012-13
2153,New Zealand in Sri Lanka 2012
9514,Zimbabwe tour of Bangladesh, 2025
9578,South Africa tour of Zimbabwe, 2025
9584,New Zealand tour of Zimbabwe, 2025
2163,West Indies tour of Bangladesh 2012
9629,West Indies tour of India, 2025
9638,South Africa tour of India, 2025
2194,The Ashes 2013-14
2168,Zimbabwe tour of West Indies 2013
9809,Bangladesh tour of Sri Lanka, 2025
2171,Australia tour of India 2013
2175,Bangladesh tour of Sri Lanka 2013
2182,Bangladesh tour of Zimbabwe 2013
10223,West Indies tour of New Zealand, 2025
2205,Australia tour of South Africa 2014
2218,Pakistan vs South Africa in UAE, 2013
2224,Pakistan vs Sri Lanka in UAE, 2013-14
2226,Pakistan tour of Zimbabwe 2013
2229,West Indies tour of New Zealand 2013-14
2232,India tour of New Zealand 2014
2233,India tour of England 2014
2235,Sri Lanka tour of England and Ireland 2014
2236,New Zealand tour of Bangladesh 2013
2242,West Indies in India 2013
2245,India in South Africa 2013
2249,Sri Lanka in Bangladesh 2014
10895,South Africa tour of Pakistan, 2025
10972,Ireland tour of Bangladesh, 2025
11052,Afghanistan tour of Zimbabwe 2025
2262,West Indies in South Africa, 2014-15
2265,Pakistan vs Australia in UAE, 2014
2268,South Africa tour of Sri Lanka, 2014
2269,New Zealand Tour of West Indies, 2014
2270,Bangladesh Tour of West Indies, 2014
2272,South Africa in Zimbabwe, 2014
2275,Pakistan vs New Zealand in UAE, 2014
2284,New Zealand tour of England, 2015
2285,The Ashes, 2015
2289,Pakistan tour of Sri Lanka, 2014
2291,Sri Lanka tour of New Zealand, 2014-15
2278,India tour of Australia, 2014-15
2304,Zimbabwe tour of Bangladesh, 2014
2320,England tour of West Indies, 2015
2328,Australia tour of West Indies, 2015
2329,South Africa tour of Bangladesh, 2015
2334,Pakistan tour of Bangladesh, 2015
2280,India tour of Bangladesh, 2015
2337,Pakistan tour of Sri Lanka, 2015
2341,England tour of South Africa, 2015-16
2348,New Zealand tour of Australia, 2015
2349,West Indies tour of Australia, 2015-16
2351,India tour of Sri Lanka, 2015 - Cricbuzz Cup
2356,Pakistan v England in United Arab Emirates, 2015
2359,South Africa tour of India, 2015
2368,Sri Lanka tour of England, 2016
2370,Pakistan tour of England, 2016
2372,Sri Lanka tour of New Zealand, 2015-16
2374,Australia tour of New Zealand, 2016
2375,West Indies tour of Sri Lanka, 2015
2395,New Zealand tour of South Africa, 2016
2398,Sri Lanka tour of South Africa, 2016-17
2438,Australia tour of Sri Lanka, 2016
2443,South Africa tour of Australia, 2016
2445,Pakistan tour of Australia, 2016-17
2459,Bangladesh tour of New Zealand, 2016-17
2460,Pakistan tour of New Zealand, 2016
2462,South Africa tour of New Zealand, 2017
2469,India tour of West indies, 2016
2473,New Zealand tour of Zimbabwe, 2016
2481,England tour of Bangladesh, 2016
2482,New Zealand tour of India, 2016
2485,South Africa tour of England, 2017
2486,West Indies tour of England, 2017
2489,England tour of India, 2016-17
2496,Bangladesh tour of India, 2017
2503,Pakistan v West Indies in UAE, 2016
2519,Sri Lanka tour of Zimbabwe, 2016
2524,Australia Test tour of India, 2017
2538,The Ashes, 2017-18
2546,Bangladesh tour of South Africa, 2017
2549,Australia tour of South Africa, 2018
2552,Pakistan tour of West Indies, 2017
2569,Bangladesh tour of Sri Lanka, 2017
2589,Australia tour of Bangladesh, 2017
2590,Zimbabwe tour of Sri Lanka, 2017
2597,India tour of Sri Lanka, 2017
2602,West Indies tour of New Zealand, 2017-18
2604,England tour of New Zealand, 2018
2616,Pakistan tour of England, 2018
2619,India tour of England, 2018
2624,Pakistan v Sri Lanka in UAE, 2017
2632,India tour of South Africa, 2017-18
2633,Zimbabwe tour of South Africa, 2017
2636,West Indies tour of Zimbabwe, 2017
2637,Sri Lanka tour of India, 2017
2643,Pakistan tour of Ireland, 2018
2652,Sri Lanka tour of West Indies, 2018
2654,Sri Lanka tour of Bangladesh, 2018
2672,Afghanistan tour of India, 2018
2683,England tour of Sri Lanka, 2018
2686,South Africa tour of Sri Lanka, 2018
2691,Pakistan tour of South Africa, 2018-19
2692,Sri Lanka tour of South Africa, 2019
2699,India tour of Australia, 2018-19
2701,Sri Lanka tour of Australia, 2019
2709,Bangladesh tour of West Indies, 2018
2729,Ireland tour of England Only Test, 2019
2730,The Ashes 2019
2736,Windies tour of Bangladesh, 2018
2738,Zimbabwe tour of Bangladesh, 2018
2739,Sri Lanka tour of New Zealand, 2018-19
2741,Bangladesh tour of New Zealand, 2019
2751,Australia v Pakistan in UAE, 2018
2752,Pakistan v New Zealand in UAE, 2018
2754,Windies tour of India, 2018
2755,England tour of West Indies, 2019
2779,Afghanistan v Ireland in India, 2019
229,England in Australia, 2010-11
230,Bangladesh in England, 2010
235,South Africa in West Indies, 2010
2828,Pakistan tour of Australia, 2019
2829,New Zealand tour of Australia, 2019-20
237,Pakistan Vs Australia in England, 2010
238,Pakistan in England, 2010
2838,England tour of South Africa, 2019-20
2845,South Africa tour of India, 2019
2846,Bangladesh tour of India, 2019
2851,England tour of New Zealand, 2019
2852,India tour of New Zealand, 2020
2856,India tour of West Indies, 2019
2867,New Zealand tour of Sri Lanka, 2019
2871,Afghanistan v West Indies in India, 2019
2880,Afghanistan tour of Bangladesh Only Test, 2019
252,India in Sri Lanka, 2010
2922,Sri Lanka tour of Pakistan Test Series, 2019
3030,Sri Lanka tour of Zimbabwe, 2020
3041,Bangladesh tour of Pakistan, 2020
3121,Zimbabwe tour of Bangladesh, 2020
2918,England tour of Sri Lanka, 2020
2886,West Indies tour of England, 2020
2888,Pakistan tour of England, 2020
3213,India tour of Australia, 2020-21
3274,West Indies tour of New Zealand, 2020
3275,Pakistan tour of New Zealand, 2020-21
3327,Sri Lanka tour of South Africa, 2020-21
1590,Sri Lanka in Bangladesh Test Series, 2008-09
1591,South Africa in Australia Test Series, 2008-09
3337,India tour of England, 2021
1592,Sri Lanka in Pakistan Test Series, 2009
1593,England in West Indies, 2009
1594,Australia in South Africa Test Series, 2009
1595,India in New Zealand Test Series, 2009
1596,West Indies in England, 2009
1597,Bangladesh in West Indies Test Series, 2009
3353,South Africa tour of Pakistan, 2021
1598,Pakistan in Sri Lanka Test Series, 2009
3357,England tour of Sri Lanka, 2021
3362,England tour of India, 2021
1599,Australia in England, 2009
1600,New Zealand in Sri Lanka Test Series, 2009
3367,West Indies tour of Bangladesh, 2021
1601,Sri Lanka in India Test Series, 2009
1602,Pakistan in New Zealand Test Series, 2009
1603,West Indies in Australia, 2009
1604,England in South Africa, 2009-10
1605,Pakistan in Australia Test Series, 2009-10
1606,India in Bangladesh Test Series, 2010
1607,South Africa in India Test Series, 2010
1608,Bangladesh in New Zealand Test Match, 2010
1609,England in Bangladesh Test Series, 2010
1610,Australia in New Zealand, 2010
1612,Pakistan Vs South Africa in UAE, 2010
1614,Australia in India, 2010
1615,New Zealand in India, 2010
1616,India in South Africa, 2010-11
3413,New Zealand tour of England, 2021
3433,Afghanistan v Zimbabwe in UAE, 2021
3452,Sri Lanka tour of West Indies, 2021
3468,ICC World Test Championship Final 2021
3477,Bangladesh tour of Sri Lanka, 2021
3482,England tour of West Indies, 2022
3487,Pakistan tour of Zimbabwe, 2021
3521,South Africa tour of West Indies, 2021
1580,New Zealand in England Test Series, 2008
1581,Australia in West Indies, 2008
3526,Pakistan tour of West Indies, 2021
1582,South Africa in England, 2008
3532,The Ashes, 2021-22
1583,India in Sri Lanka Test Series, 2008
1584,New Zealand in Bangladesh Test Series, 2008
1585,Australia in India, 2008
1586,Bangladesh in South Africa Test Series, 2008
1587,New Zealand in Australia, 2008
1588,England in India Test Series, 2008
1589,West Indies in New Zealand Test Series, 2008
3561,Bangladesh tour of Zimbabwe, 2021
1564,India in Bangladesh Test Series, 2007
1565,West Indies in England, 2007
1566,Bangladesh in Sri Lanka Test Series, 2007
3641,New Zealand tour of England, 2022
1567,India in England, 2007
3646,South Africa tour of England, 2022
1568,South Africa in Pakistan Test Series, 2007
1569,New Zealand in South Africa Test Series, 2007
3656,India tour of South Africa, 2021-22
1570,Sri Lanka in Australia, 2007
1571,Pakistan in India Test Series, 2007
3657,Bangladesh tour of South Africa, 2022
1572,England in Sri Lanka Test Series, 2007
1573,West Indies in South Africa Test Series, 2007-08
3671,Pakistan tour of Bangladesh, 2021
1574,Bangladesh in New Zealand Test Series, 2008
1575,India in Australia, 2007-08
1576,South Africa in Bangladesh Test Series, 2008
1577,England in New Zealand Test Series, 2008
3682,New Zealand tour of India, 2021
1578,Sri Lanka in West Indies Test Series, 2008
3692,Sri Lanka tour of India, 2022
1579,South Africa in India Test Series, 2008
1525,South Africa in India Test Series, 2004
3851,West Indies tour of Sri Lanka, 2021
3863,Australia tour of Pakistan, 2022
3876,Bangladesh tour of New Zealand, 2022
3881,South Africa tour of New Zealand, 2022
1555,Sri Lanka in England Test Series, 2006
1556,India in West Indies Test Series, 2006
1557,South Africa in Sri Lanka Test Series, 2006
1558,Pakistan in England Test Series, 2006
1559,West Indies in Pakistan Test Series, 2006
1560,Sri Lanka in New Zealand Test Series, 2006
1561,England in Australia, 2006-07
1562,India in South Africa Test Series, 2006-07
1563,Pakistan in South Africa Test Series, 2007
3636,India tour of England, 2022
1535,Bangladesh in England Test Series, 2005
1536,Pakistan in West Indies Test Series, 2005
1537,West Indies in Sri Lanka Test Series, 2005
1538,New Zealand in Zimbabwe Test Series, 2005
1539,Australia in England, 2005
1540,Bangladesh in Sri Lanka Test Series, 2005
1541,India in Zimbabwe Test Series, 2005
1542,ICC World XI in Australia, 2005
1543,West Indies in Australia, 2005
1544,England in Pakistan Test Series, 2005
1545,Sri Lanka in India Test Series, 2005
1546,South Africa in Australia Test Series, 2005-06
1547,India in Pakistan Test Series, 2006
1548,Sri Lanka in Bangladesh Test Series, 2006
1549,England in India Test Series. 2006
1550,West Indies in New Zealand Test Series, 2006
1551,Australia in South Africa Test Series, 2006
1552,Pakistan in Sri Lanka Test Series, 2006
1553,Australia in Bangladesh Test Series, 2006
1554,New Zealand in South Africa Test Series, 2006
4086,Australia tour of Sri Lanka, 2022
4100,Sri Lanka tour of Bangladesh, 2022
4212,Bangladesh tour of West Indies, 2022
4245,West Indies tour of Australia, 2022
4254,South Africa tour of Australia, 2022-23
1515,Sri Lanka in Zimbabwe Test Series, 2004
1516,Bangladesh in West Indies Test Series, 2004
1517,New Zealand in England Test Series, 2004
1518,Sri Lanka in Australia Test Series, 2004
1519,South Africa in Sri Lanka Test Series, 2004
1520,West Indies in England, 2004
1521,New Zealand in Bangladesh Test Series, 2004
1522,Sri Lanka in Pakistan Test Series, 2004
1523,Australia in India, 2004
1524,New Zealand in Australia, 2004
1526,India in Bangladesh Test Series, 2004
1527,Pakistan in Australia Test Series, 2004-05
1528,Zimbabwe in Bangladesh Test Series, 2005
1529,England in South Africa, 2004-05
1530,Zimbabwe in South Africa Test Series, 2005
1531,Pakistan in India Test Series, 2005
1532,Australia in New Zealand, 2005
1533,Sri Lanka in New Zealand Test Series, 2005
1534,South Africa in West Indies, 2005
4315,Pakistan tour of Sri Lanka, 2022
4413,England tour of New Zealand, 2023
4415,Sri Lanka tour New Zealand, 2023
1493,South Africa in Bangladesh Test Series, 2003
1494,New Zealand in Sri Lanka Test Series, 2003
1496,Zimbabwe in England Test Series, 2003
1497,Sri Lanka in West Indies Test Series, 2003
1498,Bangladesh in Australia Test Series, 2003
1499,Bangladesh in Pakistan Test Series, 2003
1500,South Africa in England Test Series, 2003
1501,New Zealand in India Test Series, 2003
1502,Zimbabwe in Australia, 2003
1503,South Africa in Pakistan Test Series, 2003
1504,England in Bangladesh Test Series, 2003
1505,West Indies in Zimbabwe, 2003
1506,England in Sri Lanka Test Series, 2003
1507,Pakistan in New Zealand Test Series, 2003
1508,India in Australia, 2003-04
4492,England tour of Pakistan, 2022
1509,West Indies in South Africa, 2003-04
1510,Bangladesh in Zimbabwe Test Series,2004
1511,Australia in Sri Lanka Test Series, 2004
1512,South Africa in New Zealand Test Series, 2004
1513,England in West Indies, 2004
1514,India in Pakistan Test Series, 2004
4777,The Ashes, 2023
4786,Ireland tour of England Only Test, 2023
1478,New Zealand in Pakistan Test Series, 2002
1480,Sri Lanka in England Test Series, 2002
1481,New Zealand in West Indies Test Series, 2002
1482,Bangladesh in Sri Lanka Test Series, 2002
1483,India in England Test Series, 2002
1484,Australia v Pakistan Test Series, 2002
1485,Bangladesh in South Africa Test Series, 2002
1486,West Indies in India Test Series, 2002
1487,Pakistan in Zimbabwe Test Series, 2002
1488,Sri Lanka in South Africa Test Series, 2002
1489,West Indies in Bangladesh Test Series, 2002
1490,India in New Zealand Test Series, 2002
1491,Pakistan in South Africa Test Series, 2002-03
1492,England in Australia, 2002-03
1495,Australia in West Indies, 2003
1458,Pakistan in England Test Series, 2001
1459,India in Zimbabwe Test Series, 2001
1460,West Indies in Zimbabwe, 2001
1461,Australia in England, 2001
1462,India in Sri Lanka Test Series, 2001
1463,South Africa in Zimbabwe Test Series, 2001
1464,Zimbabwe in Bangladesh Test Series, 2001
1465,India in South Africa Test Series, 2001
1466,West Indies in Sri Lanka Test Series, 2001
1467,New Zealand in Australia, 2001
1468,England in India Test Series, 2001
1469,Bangladesh in New Zealand Test Series, 2001
1470,South Africa in Australia Test Series, 2001-02
1471,Zimbabwe in Sri Lanka Test Series, 2002
1472,Pakistan in Bangladesh Test Series, 2002
1473,Pakistan v West Indies Test Series, 2002
1474,Zimbabwe in India Test Series, 2002
1475,Bangladesh, Pakistan, Sri Lanka in Pakistan/Sri Lanka, 2001-02
1476,Australia in South Africa Test Series, 2002
1477,England in New Zealand Test Series, 2002
1479,India in West Indies Test Series, 2002
4854,West Indies tour of South Africa, 2023
4889,New Zealand tour of Pakistan, 2022-23
4905,India tour of Bangladesh, 2022
1426,New Zealand in England Test Series, 1999
1427,Australia in Sri Lanka Test Series, 1999
1428,Australia in Zimbabwe, 1999
1429,New Zealand in India Test Series, 1999
1430,South Africa v Zimbabwe Test Series, 1999
1431,Pakistan in Australia Test Series, 1999
1432,Sri Lanka in Zimbabwe Test Series, 1999
1433,West Indies in New Zealand Test Series, 1999
1434,India in Australia, 1999-00
1435,England in South Africa Test Series, 1999-00
1436,South Africa in India Test Series, 2000
1437,Sri Lanka in Pakistan Test Series, 2000
1438,Zimbabwe in West Indies Test Series, 2000
1439,Australia in New Zealand, 2000
1440,Pakistan in West Indies Test Series, 2000
1441,Zimbabwe in England Test Series, 2000
1442,Pakistan in Sri Lanka Test Series, 2000
1443,South Africa in Sri Lanka Test Series, 2000
1444,West Indies in England, 2000
1445,New Zealand in Zimbabwe Test Series, 2000
1446,India in Bangladesh Test Match, 2000
1447,Zimbabwe in India Test Series, 2000
1448,England in Pakistan Test Series, 2000
1449,New Zealand in South Africa Test Series, 2000
1450,Zimbabwe in New Zealand Test Match, 2000
1451,West Indies in Australia, 2000-01
1452,Sri Lanka in South Africa Test Series, 2000-01
1453,England in Sri Lanka Test Series, 2001
1454,Australia in India, 2001
1455,Pakistan in New Zealand Test Series, 2001
1456,South Africa in West Indies, 2001
1457,Bangladesh in Zimbabwe Test Series, 2001
5204,Australia tour of India, 2023
5260,West Indies tour of Zimbabwe, 2023
1397,Sri Lanka in West Indies Test Series, 1997
1398,India in Sri Lanka Test Series, 1997
1399,Australia in England, 1997
1400,New Zealand in Zimbabwe Test Series, 1997
1401,South Africa in Pakistan Test Series, 1997
1402,New Zealand in Australia, 1997
1403,Sri Lanka in India Test Series, 1997
1404,West Indies in Pakistan Test Series, 1997
1405,Zimbabwe in Sri Lanka Test Series, 1998
1406,South Africa in Australia Test Series, 1997-98
1407,Zimbabwe in New Zealand Test Series, 1998
1408,Pakistan in South Africa Test Series, 1998
1409,England in West Indies, 1998
1410,Pakistan in Zimbabwe Test Series, 1998
1411,Australia in India, 1998
1412,Sri Lanka in South Africa Test Series, 1998
1413,New Zealand in Sri Lanka Test Series, 1998
1414,South Africa in England Test Series, 1998
1415,Sri Lanka in England Test Match, 1998
1416,India in Zimbabwe Test Match, 1998
1417,Australia in Pakistan Test Series, 1998
1418,Zimbabwe in Pakistan Test Series, 1998
5490,Ireland tour of Bangladesh, 2023
1419,England in Australia, 1998-99
1420,India in New Zealand Test Series, 1998-99
1421,West Indies in South Africa Test Series, 1998
1422,Pakistan in India Test Series, 1999
1423,India, Pakistan, Sri Lanka in Bangladesh/India/Pakistan/Sri Lanka, 1999
1424,South Africa in New Zealand Test Series, 1999
1425,Australia in West Indies, 1999
5917,ICC World Test Championship Final 2023
1358,New Zealand in England Test Series, 1994
1359,South Africa in England Test Series, 1994
1360,Pakistan in Sri Lanka Test Series, 1994
1361,Sri Lanka in Zimbabwe Test Series, 1994
1362,Australia in Pakistan Test Series, 1994
1363,West Indies in India Test Series, 1994
1364,New Zealand in South Africa Test Series, 1994-95
1365,Pakistan in South Africa Test Match, 1995
1366,England in Australia, 1994-95
1367,West Indies in New Zealand Test Series, 1995
1368,Pakistan in Zimbabwe Test Series, 1995
1369,South Africa in New Zealand, 1995
1370,Sri Lanka in New Zealand Test Series, 1995
1371,Australia in West Indies, 1995
1372,West Indies in England, 1995
1373,Sri Lanka in Pakistan Test Series, 1995
1374,South Africa in Zimbabwe Test Match, 1995
1375,New Zealand in India Test Series, 1995
1376,Pakistan in Australia Test Series, 1995
1377,Pakistan in New Zealand Test Match, 1995
1378,England in South Africa Test Series, 1995-96
1379,Zimbabwe in New Zealand Test Series, 1996
1380,Sri Lanka in Australia Test Series, 1995-96
1381,New Zealand in West Indies Test Series, 1996
1382,India in England Test Series, 1996
1383,Pakistan in England Test Series, 1996
1384,Zimbabwe in Sri Lanka Test Series, 1996
1385,Australia in India, 1996
1386,Zimbabwe in Pakistan Test Series, 1996
1387,New Zealand in Pakistan Test Series, 1996
1388,South Africa in India Test Series, 1996
5913,Ireland tour of Sri Lanka, 2023
1389,England in Zimbabwe Test Series, 1996
1390,India in South Africa Test Series, 1996-97
1391,West Indies in Australia, 1996-97
1392,England in New Zealand Test Series, 1997
1393,Sri Lanka in New Zealand Test Series, 1997
1394,Australia in South Africa Test Series, 1997
1395,India in West Indies Test Series, 1997
1396,Pakistan in Sri Lanka Test Series, 1997
1327,West Indies in England, 1991
1328,Sri Lanka in England Test Match, 1991
1329,Sri Lanka in Pakistan Test Series, 1991-92
1330,India in Australia Test Series, 1991-92
1331,England in New Zealand Test Series, 1992
1332,South Africa in West Indies Test Match, 1992
1333,Pakistan in England Test Series, 1992
1334,Australia in Sri Lanka Test Series, 1992
1335,India in Zimbabwe Test Match, 1992
1336,New Zealand in Zimbabwe Test Series, 1992
1337,New Zealand in Sri Lanka Test Series, 1992
1338,Pakistan in New Zealand Test Match, 1993
1339,India in South Africa Test Series, 1992-93
1340,West Indies in Australia, 1992-93
1341,England in India Test Series, 1993
1342,Australia in New Zealand, 1993
1343,Zimbabwe in India Test Match, 1993
1344,England in Sri Lanka Test Match, 1993
1345,Pakistan in West Indies Test Series, 1993
1346,India in Sri Lanka Test Series, 1993
1347,Australia in England, 1993
1348,South Africa in Sri Lanka Test Series, 1993
1349,New Zealand in Australia, 1993
6290,Pakistan tour of Australia, 2023-24
1350,West Indies in Sri Lanka Test Match, 1993
6297,West Indies tour of Australia, 2024
1351,Zimbabwe in Pakistan Test Series, 1993
1352,South Africa in Australia Test Series, 1993-94
1353,Sri Lanka in India Test Series, 1994
1354,Pakistan in New Zealand Test Series, 1994
1355,India in New Zealand Test Match, 1994
1356,Australia in South Africa Test Series, 1994
1357,England in West Indies, 1994
6351,Afghanistan tour of Bangladesh, 2023
6582,India tour of West Indies, 2023
1287,India in England Test Series, 1986
1288,New Zealand in England Test Series, 1986
1289,Australia in India Test Series, 1986
1290,West Indies in Pakistan Test Series, 1986
1291,Sri Lanka in India Test Series, 1986-87
6652,Pakistan tour of Sri Lanka, 2023
1292,England in Australia, 1986-87
1293,West Indies in New Zealand Test Series, 1987
1294,Pakistan in India Test Series, 1987
1295,New Zealand in Sri Lanka Test Series, 1987
1296,Pakistan in England Test Series, 1987
1297,England in Pakistan Test Series, 1987
6694,New Zealand tour of Bangladesh, 2023
1298,New Zealand in Australia, 1987
1299,West Indies in India Test Series, 1987-88
1300,England in Australia, 1988
1301,Sri Lanka in Australia Test Match, 1988
1302,England in New Zealand Test Series, 1988
1303,Pakistan in West Indies Test Series, 1988
1304,West Indies in England, 1988
1305,Sri Lanka in England Test Match, 1988
1306,Australia in Pakistan Test Series, 1988
1307,New Zealand in India Test Series, 1988
1308,West Indies in Australia, 1988-89
1309,Pakistan in New Zealand Test Series, 1989
1310,India in West Indies Test Series, 1989
1311,Australia in England, 1989
1312,New Zealand in Australia, 1989
1313,India in Pakistan Test Series, 1989
1314,Sri Lanka in Australia Test Series, 1989
1315,Pakistan in Australia Test Series, 1990
1316,India in New Zealand Test Series, 1990
1317,Australia in New Zealand, 1990
1318,England in West Indies, 1990
1319,New Zealand in England Test Series, 1990
1320,India in England Test Series, 1990
1321,New Zealand in Pakistan Test Series, 1990
1322,Sri Lanka in India Test Match, 1990
1323,West Indies in Pakistan Test Series, 1990
1324,England in Australia, 1990-91
1325,Sri Lanka in New Zealand Test Series, 1991
1326,Australia in West Indies, 1991
6780,West Indies tour of England, 2024
6787,Sri Lanka tour of England, 2024
1247,Australia in England, 1981
1248,Pakistan in Australia Test Series, 1981
1249,West Indies in Australia, 1981-82
1250,England in India Test Series, 1981-82
1251,England in Sri Lanka Test Match, 1982
1252,Australia in New Zealand Test Series, 1982
1253,Sri Lanka in Pakistan Test Series, 1982
1254,India in England Test Series, 1982
1255,Pakistan in England Test Series, 1982
1256,Sri Lanka in India Test Match, 1982
1257,Australia in Pakistan Test Series, 1982
1258,England in Australia, 1982-83
1259,India in Pakistan Test Series, 1982-83
6857,India tour of South Africa, 2023-24
1260,Sri Lanka in New Zealand Test Series, 1983
1261,Australia in Sri Lanka Test Match, 1983
1262,India in West Indies Test Series, 1983
1263,New Zealand in England Test Series, 1983
1264,Pakistan in India Test Series, 1983
6892,South Africa tour of New Zealand, 2024
1265,West Indies in India Test Series, 1983
6899,Australia tour of New Zealand, 2024
1266,Pakistan in Australia Test Series, 1983-84
1267,England in New Zealand Test Series, 1984
1268,England in Pakistan Test Series, 1984
1269,New Zealand in Sri Lanka Test Series, 1984
1270,Australia in West Indies, 1984
1271,West Indies in England, 1984
1272,Sri Lanka in England Test Match, 1984
1273,India in Pakistan Test Series, 1984
1274,New Zealand in Pakistan Test Series, 1984
1275,West Indies in Australia, 1984-85
1276,England in India Test Series, 1984-85
1277,Pakistan in New Zealand Test Series, 1985
1278,New Zealand in West Indies Test Series, 1985
6927,England tour of India, 2024
1279,Australia in England, 1985
1280,India in Sri Lanka Test Series, 1985
1281,Sri Lanka in Pakistan Test Series, 1985
1282,New Zealand in Australia, 1985
1283,India in Australia Test Series, 1985-86
1284,Australia in New Zealand, 1986
1285,Pakistan in Sri Lanka Test Series, 1986
1286,England in West Indies, 1986
1188,Pakistan in England Test Series, 1971
1189,India in England Test Series, 1971
1190,New Zealand in West Indies Test Series, 1972
7065,Zimbabwe tour of England, 2025
1191,Australia in England, 1972
1192,Pakistan in Australia Test Series, 1972-73
1193,England in India Test Series, 1972-73
1194,Pakistan in New Zealand Test Series, 1973
1195,England in Pakistan Test Series, 1973
1196,Australia in West Indies, 1973
1197,New Zealand in England Test Series, 1973
1198,West Indies in England
1199,New Zealand in Australia Test Series
1200,Australia in New Zealand Test Series
1201,England in West Indies
1202,India in England Test Series
1203,Pakistan in England Test Series
1204,West Indies in India Test Series
1205,England in Australia, 1974-75
1206,England in New Zealand Test Series
1207,West Indies in Pakistan Test Series
1208,Australia in England, 1975
1209,West Indies in Australia
1210,India in New Zealand Test Series
1211,India in West Indies Test Series
1212,West Indies in England
1213,New Zealand in Pakistan Test Series, 1976
1214,New Zealand in India Test Series, 1976
1215,Pakistan in Australia Test Series, 1976-77
1216,England in India Test Series, 1976-77
1217,Australia in New Zealand Test Series, 1977
1218,England in Australia, 1977
1219,Pakistan in West Indies Test Series, 1977
1220,Australia in England, 1977
1221,England in Pakistan Test Series, 1977-78
1222,India in Australia Test Series, 1977-78
1223,England in New Zealand Test Series, 1978
1224,Australia in West Indies, 1978
1225,Pakistan in England Test Series, 1978
1226,New Zealand in England Test Series, 1978
1227,India in Pakistan Test Series, 1978
1228,West Indies in India Test Series, 1978-79
1229,England in Australia, 1978-79
1230,Pakistan in New Zealand Test Series, 1979
1231,Pakistan in Australia Test Series, 1979
1232,India in England Test Series, 1979
1233,Australia in India Test Series, 1979
1234,West Indies in Australia, 1979-80
1235,Pakistan in India Test Series, 1979-80
1236,England in Australia Test Series, 1979-80
1237,England in India, 1980
1238,West Indies in New Zealand Test Series, 1980
1239,Australia in Pakistan Test Series, 1980
1240,West Indies in England, 1980
1241,Australia in England, 1980
1242,New Zealand in Australia Test Series, 1980
1243,West Indies in Pakistan Test Series, 1980-81
1244,India in Australia Test Series, 1981
1245,India in New Zealand Test Series, 1981
1246,England in West Indies, 1981
1102,South Africa in England Test Series
1103,West Indies in Australia Test Series
1104,England in India Test Series
1105,West Indies in New Zealand Test Series
1106,India in England Test Series
1107,Pakistan in India Test Series
1108,South Africa in Australia Test Series
1109,South Africa in New Zealand Test Series
1110,India in West Indies Test Series
1111,Australia in England, 1953
1112,New Zealand in South Africa Test Series
1113,England in West Indies Test Series
1114,Pakistan in England Test Series
1115,India in Pakistan Test Series
1116,England in Australia, 1954-55
1117,England in New Zealand Test Series
1118,Australia in West Indies Test Series
1119,South Africa in England Test Series
1120,New Zealand in Pakistan Test Series
1121,New Zealand in India Test Series
1122,West Indies in New Zealand Test Series
1123,Australia in England, 1956
1124,Australia in Pakistan Test Match
1125,Australia in India Test Series
1126,England in South Africa Test Series
1127,West Indies in England Test Series
1128,Australia in South Africa Test Series
1129,Pakistan in West Indies Test Series
1130,New Zealand in England Test Series
1131,West Indies in India Test Series
1132,England in Australia, 1958-59
1133,England in New Zealand Test Series
1134,West Indies in Pakistan Test Series
1135,India in England Test Series
1136,Australia in Pakistan Test Series
1137,Australia in India Test Series
1138,England in West Indies Test Series
1139,South Africa in England Test Series
1140,Pakistan in India Test Series
1141,West Indies in Australia
1142,Australia in England, 1961
1143,England in India Test Series
1144,England in Pakistan Test Series
1145,New Zealand in South Africa Test Series
1146,India in West Indies Test Series
1147,Pakistan in England Test Series
1148,England in Australia, 1962-63
1149,England in New Zealand Test Series
1150,West Indies in England
1151,South Africa in Australia Test Series
1152,England in India Test Series
1153,South Africa in New Zealand Test Series
1154,Australia in England, 1964
1155,Australia in India Test Series
1156,Australia in Pakistan Test Match
1157,Pakistan in Australia Test Match
1158,Pakistan in New Zealand Test Series
1159,England in South Africa Test Series
1160,New Zealand in India Test Series
1161,New Zealand in Pakistan Test Series
1162,Australia in West Indies
1163,New Zealand in England Test Series
1164,South Africa in England Test Series
1165,England in Australia, 1965-66
1166,England in New Zealand Test Series
1167,West Indies in England
1168,West Indies in India Test Series, 1966-67
1169,Australia in South Africa Test Series, 1966-67
1170,India in England Test Series, 1967
1171,Pakistan in England Test Series, 1967
1172,India in Australia Test Series, 1967-68
1173,India in New Zealand Test Series, 1968
1174,England in West Indies, 1968
1175,Australia in England, 1968
1176,West Indies in Australia, 1969
1177,England in Pakistan Test Series, 1969
1178,West Indies in New Zealand Test Series, 1969
1179,West Indies in England, 1969
1180,New Zealand in England Test Series, 1969
1181,New Zealand in India Test Series, 1969
1182,New Zealand in Pakistan Test Series, 1969
1183,Australia in India Test Series, 1969
1184,Australia in South Africa Test Series, 1970
1185,England in Australia, 1970-71
1186,England in New Zealand Test Series, 1971
1187,India in West Indies Test Series, 1971
1012,England in Australia Test Series, 1877
1013,England in Australia Test Match, 1879
1014,Australia in England Test Match, 1880
1015,England in Australia Test Series, 1881-82
1016,Australia in England Test Match, 1882
1017,England in Australia, 1882-83
1018,England in Australia Test Match, 1883
1019,Australia in England, 1884
1020,England in Australia, 1884-85
1021,Australia in England, 1886
1022,England in Australia, 1887
1023,England in Australia, 1888
1024,Australia in England, 1888
1025,England in South Africa Test Series
1026,Australia in England, 1890
1027,England in South Africa Test Match
1028,England in Australia, 1892
1029,Australia in England, 1893
1030,England in Australia, 1894-95
1031,England in South Africa Test Series
1032,Australia in England, 1896
1033,England in Australia, 1897-98
1034,England in South Africa Test Series
1035,Australia in England, 1899
1036,England in Australia, 1901-02
1037,Australia in England, 1902
1038,Australia in South Africa Test Series
1039,England in Australia, 1903-04
1040,Australia in England, 1905
1041,England in South Africa Test Series
1042,South Africa in England Test Series
1043,England in Australia, 1907-08
1044,Australia in England, 1909
1045,England in South Africa Test Series
1046,South Africa in Australia Test Series
1047,England in Australia, 1911-12
1052,England in South Africa Test Series
1053,England in Australia, 1920-21
1054,Australia in England, 1921
1055,Australia in South Africa Test Series
1056,England in South Africa Test Series
1057,South Africa in England Test Series
1058,England in Australia, 1924-25
1059,Australia in England, 1926
1060,England in South Africa Test Series
1061,West Indies in England Test Series
1062,England in Australia, 1928-29
7481,Afghanistan tour of Sri Lanka, 2024
7485,Afghanistan v Ireland in UAE, 2024
1063,South Africa in England Test Series
1064,England in New Zealand Test Series
1065,England in West Indies Test Series
1066,Australia in England, 1930
1067,England in South Africa Test Series
1068,West Indies in Australia Test Series
1069,New Zealand in England Test Series
1070,South Africa in Australia Test Series
1071,South Africa in New Zealand Test Series
1072,India in England Test Match
1073,England in Australia, 1932-33
1074,England in New Zealand Test Series
1075,West Indies in England Test Series
1076,England in India Test Series
1077,Australia in England, 1934
1078,England in West Indies Test Series
1079,South Africa in England Test Series
1080,Australia in South Africa Test Series
1081,India in England Test Series
1082,England in Australia, 1936-37
1083,New Zealand in England Test Series
1084,Australia in England, 1938
1085,England in South Africa Test Series
1086,West Indies in England Test Series
1087,Australia in New Zealand Test Match
1088,India in England Test Series
1089,England in Australia, 1946-47
7534,Sri Lanka tour of Bangladesh, 2024
1090,England in New Zealand Test Match
1091,South Africa in England Test Series
1092,India in Australia Test Series
1093,England in West Indies Test Series
1094,Australia in England, 1948
1095,West Indies in India Test Series
1096,England in South Africa Test Series
1097,New Zealand in England Test Series
1098,Australia in South Africa Test Series
1099,West Indies in England Test Series
1100,England in Australia, 1950-51
1101,England in New Zealand Test Series
1048,Australia v South Africa Test Series
1049,South Africa in England Test Series
1050,Australia in England, 1912
7745,India tour of Australia, 2024-25
7853,England tour of New Zealand, 2024
7979,Zimbabwe tour of Ireland, 2024
8044,Pakistan tour of South Africa, 2024 -25
8058,Sri Lanka tour of South Africa, 2024
8116,Bangladesh tour of West Indies, 2024
1627,Sri Lanka in England, 2011
1628,India in England, 2011
1631,Pakistan in New Zealand, 2010-11
8238,South Africa tour of West Indies, 2024
1637,West Indies in Sri Lanka, 2010
1644,Pakistan in West Indies, 2011
1645,India in West Indies, 2011
